帕克索尔语词汇,IPA音标,TTS友好发音拼写
sul,/suːl/,sool
gomä,/goˈmæ/,goh-may
drak,/drɑːk/,drahk
zaka,/ˈzɑːkɑ/,zah-kah
zakil,/ˈzɑːkil/,zah-keel
skal,/skɑːl/,skaahl
höka,/ˈhøːkɑ/,huh-kah
lif,/liːf/,leef
död,/døːd/,duhd
mova,/ˈmoːvɑ/,moh-vah
fam,/fɑːm/,faahm
ven,/veːn/,vayn
fien,/fiːɛn/,fee-en
tid,/tiːd/,teed
hel,/heːl/,hayl
rit,/riːt/,reet
löva,/ˈløːvɑ/,luh-vah
löv-sel,/ˈløːv sɛl/,luhv-sel
sang,/sɑːŋ/,saang
sanga,/ˈsɑːŋɑ/,saan-gah
vat,/vɑːt/,vaht
eld,/ɛld/,eld
sten,/steːn/,stayn
trä,/træː/,tray
mi,/miː/,mee
ti,/tiː/,tee
hon,/hoːn/,hohn
miz,/miːz/,mees
tiz,/tiːz/,tees
honz,/hoːnz/,hohnz
se,/seː/,say
so,/soː/,soh
Kul,/kuːl/,kool
Kas,/kɑːs/,kahs
Kör,/køːr/,kuhr
Kval,/kvɑːl/,kvaahl
Khün,/xyn/,khuhn
Kel,/keːl/,kayl
ön,/øːn/,uhn
nun,/nuːn/,noon
ro,/roː/,roh
tul,/tuːl/,tool
vlön,/vløːn/,vluhn
dö,/døː/,duh
vör,/vøːr/,vuhr
nön,/nøːn/,nuhn
vans,/vɑːns/,vaahns
rüs,/ryːs/,ruys
foz,/foːz/,fohz
böka,/ˈbøːkɑ/,buh-kah
zekva,/ˈzeːkvɑ/,zay-kvah
öm,/øːm/,uhm
setva,/ˈseːtvɑ/,say-tvah
na,/nɑː/,nah
es,/ɛs/,es
ha,/hɑː/,hah
lifa,/ˈliːfɑ/,lee-fah
döda,/ˈdøːdɑ/,duh-dah
skala,/ˈskɑːlɑ/,skaa-lah
höker,/ˈhøːkɛr/,huh-ker
zaker,/ˈzɑːkɛr/,zah-ker
mover,/ˈmoːvɛr/,moh-ver
famil,/fɑːˈmiːl/,fah-meel
venskap,/ˈveːnˌskɑːp/,vayn-skaap
fienskap,/ˈfiːɛnˌskɑːp/,fee-en-skaap
drakskal,/ˈdrɑːkˌskɑːl/,drahk-skaal
sulgom,/ˈsuːlˌgoːm/,sool-gohm
fozank,/ˈfoːzɑŋk/,foh-zaangk
helgom,/ˈheːlˌgoːm/,hayl-gohm
skapsel,/ˈskɑːpsɛl/,skaap-sel
moving,/ˈmoːviŋ/,moh-ving
fjali,/ˈfjɑːli/,fyaah-lee
nuli,/ˈnuːli/,noo-lee
djuni,/ˈjuːni/,yoo-nee
suli,/ˈsuːli/,soo-lee
draklik,/ˈdrɑːkˌlik/,drahk-lik
mova-foznol,/ˈmoːvɑ ˈfoːznɔl/,moh-vah fohz-nohl
mova-nol,/ˈmoːvɑ nɔl/,moh-vah nohl
moba-böknol,/ˈmoːvɑ ˈbøːknɔl/,moh-vah buhk-nohl
zaka-foznol,/ˈzɑːkɑ ˈfoːznɔl/,zah-kah fohz-nohl
zaka-nol,/ˈzɑːkɑ nɔl/,zah-kah nohl
zaka-böknol,/ˈzɑːkɑ ˈbøːknɔl/,zah-kah buhk-nohl
höka-foznol,/ˈhøːkɑ ˈfoːznɔl/,huh-kah fohz-nohl
höka-nol,/ˈhøːkɑ nɔl/,huh-kah nohl
höka-böknol,/ˈhøːkɑ ˈbøːknɔl/,huh-kah buhk-nohl
Sul hel,/suːl heːl/,sool hayl
Zakil hel,/ˈzɑːkil heːl/,zah-keel hayl
Sul va,/suːl vɑː/,sool vah
Sul hö mi,/suːl høː miː/,sool huh mee
Sul zaka,/suːl ˈzɑːkɑ/,sool zah-kah
Fozank mova,/ˈfoːzɑŋk ˈmoːvɑ/,foh-zaangk moh-vah
na mova,/nɑː ˈmoːvɑ/,nah moh-vah
na lif,/nɑː liːf/,nah leef
persön,/pɛrˈsøːn/,per-suuhn
plats,/plɑːts/,plahts
ting,/tiːŋ/,teeng
konsept,/kɔnˈsɛpt/,kohn-sept
skor,/skoːr/,skohr
elda,/ˈɛldɑ/,el-dah
barn,/bɑːrn/,baarn
äldra,/ˈæːldrɑ/,ayl-drah
hantverkar,/ˈhɑːntˌvɛrˌkɑːr/,haant-ver-kaahr
väktar,/ˈvɛːktɑr/,vayk-tahr
himmel,/ˈhɪmːɛl/,him-mel
jord,/juːrd/,yurd
hav,/hɑːv/,haav
flod,/fluːd/,flood
berg,/bɛrj/,ber-y
skog,/skuːɡ/,skoog
blomma,/ˈblɔmːɑ/,blom-mah
frukt,/frukt/,frookt
frö,/frøː/,fruh
måne,/ˈmoːnɛ/,moh-neh
sol,/soːl/,sohl
stjärna,/ˈɧæːɳɑ/,shyair-nah
väg,/vɛːj/,vay
bro,/bruː/,broo
hus,/huːs/,hoos
verktyg,/ˈvɛrːkˌtyːj/,vairk-tooy
vapen,/ˈvɑːpɛn/,vaah-pen
mat,/mɑːt/,maht
dryck,/drʏk/,dryk
luft,/lɵft/,luft
ljus,/jʉːs/,yuhs
mörker,/ˈmœrːkɛr/,muhr-ker
värme,/ˈværːmɛ/,vair-meh
kyla,/ˈcyːlɑ/,syoo-lah
kraft,/krɑːft/,kraaft
visdom,/ˈviːsˌdɔm/,vees-dom
mod,/muːd/,mood
fred,/freːd/,frayd
krig,/kriːj/,kree
rättvisa,/ˈrɛtːˌviːsɑ/,ret-vee-sah
sanning,/ˈsanːɪŋ/,san-neeng
lögn,/løːjn/,luhyn
hopp,/hɔp/,hop
förtvivlan,/ˈfœrtˌviːvˌlɑːn/,fuirt-veev-laahn
glädje,/ˈjläːdʲjɛ/,yuh-lay-dyeh
sorg,/sɔrj/,sory
ilska,/ˈɪlskɑ/,il-skah
rädd,/rɛd/,red
hata,/ˈhɑːtɑ/,haah-tah
hjälpa,/ˈjɛlːpɑ/,yel-pah
skada,/ˈskɑːdɑ/,skaa-dah
skapa,/ˈskɑːpɑ/,skaa-pah
förstöra,/fœrˈɧtøːrɑ/,fuir-shuhr-rah
bygga,/ˈbyjːɑ/,buy-yah
riva,/ˈriːvɑ/,ree-vah
börja,/ˈbœrːjɑ/,buur-yah
sluta,/ˈslʉːtɑ/,sluu-tah
fortsätta,/fɔrtsˈsɛtːɑ/,firts-set-tah
stanna,/ˈstɑnːɑ/,stan-nah
söka,/ˈsøːkɑ/,suh-kah
hitta,/ˈhɪtːɑ/,hit-tah
förlora,/fœrˈluːrɑ/,fuir-loo-rah
ge,/jeː/,yay
ta emot,/tɑː ɛˈmuːt/,tah eh-moot
lära,/ˈlæːrɑ/,lay-rah
undervisa,/ˈɵnːdɛrˌviːsɑ/,uhn-der-vee-sah
tala,/ˈtɑːlɑ/,taa-lah
lyssna,/ˈlyːsːnɑ/,luys-nah
tänka,/ˈtɛŋkɑ/,teng-kah
minnas,/ˈmɪnːɑs/,min-naas
glömma,/ˈjlœmːɑ/,yuh-luum-mah
gå,/goː/,goh
springa,/ˈsprɪŋːɑ/,spring-gah
simma,/ˈsɪmːɑ/,sim-mah
flyga,/ˈflyːjɑ/,flyu-yah
arbeta,/ˈɑːrˌbeːtɑ/,aahr-bay-tah
vila,/ˈviːlɑ/,vee-lah
sova,/ˈsuːvɑ/,soo-vah
vakna,/ˈvɑːknɑ/,vaak-nah
födas,/ˈføːdɑs/,fuud-as
växa,/ˈvɛːksɑ/,vayk-sah
ändra,/ˈɛnːdrɑ/,enn-drah
behålla,/bɛˈhoːlɑ/,beh-hohl-ah
stor,/stuːr/,stoor
liten,/ˈliːtɛn/,lee-ten
hög,/høːj/,huh
låg,/loːj/,loh
lång,/loːŋ/,long
kort,/kɔrt/,kort
bred,/breːd/,brayd
smal,/smɑːl/,smaal
tjock,/ɕʊk/,shook
tunn,/tɵn/,tuhn
tung,/tɵŋ/,tuhng
lätt,/lɛt/,let
hård,/hoːrd/,hood
mjuk,/jʉːk/,yuuk
varm,/vɑːrm/,vaarm
kall,/kal/,kal
våt,/voːt/,vot
torr,/tɔr/,tor
ren,/reːn/,rayn
smutsig,/ˈsmɵtsɪj/,smuut-sig
vacker,/ˈvakːɛr/,vak-ker
ful,/fuːl/,fool
bra,/brɑː/,braa
dålig,/ˈdoːlɪj/,doh-lij
rätt,/rɛt/,ret
fel,/feːl/,fayl
viktig,/ˈvɪkːtɪj/,vik-tij
oviktig,/oˈvɪkːtɪj/,oh-vik-tij
enkel,/ˈɛŋkɛl/,enk-el
komplex,/kɔmˈplɛks/,kom-pleks
snabb,/snab/,snab
långsam,/ˈloːŋsɑm/,long-sam
ung,/ɵŋ/,uhng
gammal,/ˈjamːɑl/,yaam-aal
stark,/stɑːrk/,staark
svag,/svɑːj/,svaay
frisk,/frɪsk/,frisk
sjuk,/ɧʉːk/,shuhk
levande,/lɛˈvɑnːdɛ/,leh-van-deh
död,/døːd/,duhd
verklig,/ˈvɛrːklɪj/,vairk-lij
osann,/oˈsan/,oh-san
säker,/ˈsæːkɛr/,say-ker
farlig,/ˈfɑːrlɪj/,faar-lij
vänlig,/ˈvɛnːlɪj/,ven-lij
fientlig,/ˈfiːɛntlɪj/,fee-ent-lij
ärlig,/ˈærːlɪj/,air-lij
bedräglig,/bɛˈdræːjlɪj/,beh-dray-jlij
modig,/ˈmuːdɪj/,moo-dij
feg,/feːj/,fay
glatt,/jlat/,ylat
sorgligt,/ˈsɔrːjlɪt/,sor-ylit
ilsket,/ˈɪlskɛt/,il-sket
lugnt,/lɵnt/,lunt
snabbt,/ˈsnabt/,snabt
långsamt,/ˈloːŋsɑmt/,long-samt
försiktigt,/fœrˈsɪkːtɪjt/,fuir-sik-tijt
oaktsamt,/oˈaktsɑmt/,oh-akts-amt
seriöst,/seˈriːøːst/,seh-ree-uust
lätt,/lɛt/,let
svårt,/svoːrt/,svort
ofta,/ˈɔftɑ/,oft-ah
sällan,/ˈsɛlːɑn/,sel-laahn
aldrig,/ˈalːdrɪj/,aal-drij
alltid,/ˈalːtiːd/,aal-teed
idag,/iˈdɑːj/,ih-daay
igår,/iˈgoːr/,ih-goohr
imorgon,/iˈmɔrːjɔn/,ih-mor-yon
nu,/nuː/,noo
nyss,/nʏs/,nys
snart,/snɑːrt/,snaart
länge,/ˈlɛŋɛ/,len-geh
morgon,/ˈmɔrːjɔn/,mor-yon
eftermiddag,/ˈɛftɛrˌmɪdːɑːj/,eft-er-mid-daay
kväll,/kvɛl/,kvel
natt,/nat/,nat
vår,/voːr/,vohr
sommar,/ˈsɔmar/,soh-mar
höst,/hœst/,hurst
vinter,/ˈvɪntɛr/,vin-ter
anti,/ˈanti/,ahn-tee
oti,/ˈoti/,oh-tee
zati,/ˈzɑːti/,zaa-tee
furi,/ˈfuːri/,foo-ree
femi,/ˈfeːmi/,fay-mee
sexi,/ˈsɛksi/,sek-see
sepi,/ˈseːpi/,say-pee
akti,/ˈakti/,ak-tee
nini,/ˈniːni/,nee-nee
deki,/ˈdeːki/,day-kee
dekanti,/deˈkanti/,deh-kahn-tee
dekoti,/deˈkoti/,deh-koh-tee
dekzati,/deˈkzɑːti/,deh-kzaa-tee
dekfuri,/deˈkfuri/,deh-kfoo-ree
dekfemi,/deˈkfemi/,deh-kfay-mee
deksexi,/deˈksek.si/,deh-ksek-see
deksepi,/deˈkseːpi/,deh-kay-pee
dekakti,/deˈkakti/,deh-kak-tee
deknini,/deˈkniːni/,deh-knee-nee
tventi,/ˈtventi/,tven-tee
trenti,/ˈtrenti/,tren-tee
förti,/ˈfœrti/,fuirt-tee
femti,/ˈfemti/,fem-tee
hundra,/ˈhɵndrɑ/,huhn-drah
första,/ˈfœrːstɑ/,fuurst-ah
andra,/ˈanːdrɑ/,aan-drah
tredje,/ˈtrɛːdʲjɛ/,tray-dyeh
fjärde,/ˈfjæːrdɛ/,fyair-deh
femte,/ˈfɛmːtɛ/,femm-teh
sjätte,/ˈɧɛtːɛ/,shett-eh
sjunde,/ˈɧɵnːdɛ/,shuhn-deh
åttonde,/ˈoːtːɔnːdɛ/,oht-ton-deh
nionde,/ˈniːɔnːdɛ/,nee-on-deh
tionde,/ˈɕiːɔnːdɛ/,shee-on-deh
halva,/ˈhalːvɑ/,hal-vah
alla,/ˈalːɑ/,aal-lah
några,/ˈnoːgrɑ/,nohg-rah
många,/ˈmɔŋːɑ/,mong-gah
få,/foː/,foh
någon,/ˈnoːjɔn/,noh-yon
ingen,/ˈɪŋɛn/,ing-en
nun-persön,/nun pɛrˈsøːn/,noon-per-suuhn
nun-ting,/nun tiːŋ/,noon-teeng
allting,/ˈalːtiŋ/,aal-ting
ingenting,/ˈɪŋɛnˌtiːŋ/,ing-en-teeng
här,/hæːr/,hair
där,/dæːr/,dair
överallt,/ˌøːvɛrˈalːt/,uh-ver-aalt
ingenstans,/ˈɪŋɛnsˌtɑːns/,ing-ens-taans
upp,/ɵp/,uhp
ner,/neːr/,nair
fram,/fram/,fram
tillbaka,/ˌtɪlˈbɑːkɑ/,til-baa-kah
inne,/ˈɪnːɛ/,in-neh
ute,/ˈʉːtɛ/,oo-teh
bredvid,/ˈbreːdˌviːd/,brayd-veed
mellan,/ˈmɛlːɑn/,mel-laahn
om,/ɔm/,om
för,/føːr/,fuhr
från,/frɔn/,fron
genom,/jeˈnuːm/,yeh-num
för att,/føːr ˈat/,fuhr aht
fastän,/fasˈtæːn/,fas-tain
när,/næːr/,nair
tills,/tɪls/,tils
sedan,/ˈseːdɑn/,say-dan
om inte,/ɔm ˈɪnːtɛ/,om in-teh
om,/ɔm/,om
ah,/ɑː/,ah
oh,/oː/,oh
va,/vɑː/,vah
aj,/ɑːj/,aay
mm,/m/,m
okej,/oˈkeːj/,oh-kay
vänligen,/ˈvɛnːlɪjɛn/,ven-lij-en
ursäkta,/ɵrˈsɛkːtɑ/,ur-sek-tah
det är okej,/deː ɛr oˈkeːj/,day air oh-kay
Fozank mova,/ˈfoːzɑŋk ˈmoːvɑ/,foh-zaangk moh-vah
inget att tacka för,/ˈɪŋɛt at ˈtakːɑ føːr/,ing-et aht tak-kah fuhr
Zakil hel,/ˈzɑːkil heːl/,zah-keel hayl
välkommen,/ˈvɛlːkɔmɛn/,vel-koh-men
ta hand om dig,/tɑː hɑːnd ɔm diːj/,tah haand om dihy
Gud välsigne dig,/guːd ˈvɛlˌsiːɲɛ diːj/,good vel-see-nyeh dihy
Fred vare med dig,/freːd ˈvɑːrɛ meːd diːj/,frayd vaa-reh mayd dihy
foznol,/ˈfoːznɔl/,fohz-nohl
bökahel,/ˈbøːkɑheːl/,buh-kah-hayl
avishel,/ˈɑːviˌʃeːl/,aa-vee-shayl
bökanol,/ˈbøːkɑnɔl/,buh-kah-nohl
borde,/ˈbɔrːdɛ/,boord-eh
kan,/kɑːn/,kaan
vill,/vɪl/,vil
behöver,/bɛˈhøːvɛr/,beh-huh-ver
önskar,/ˈøːnskɑr/,uhns-kahr
kropp,/krɔp/,krop
huvud,/ˈhuːvɵd/,hoo-vuhd
öga,/ˈøːjɑ/,uh-yah
öra,/ˈøːrɑ/,uh-rah
näsa,/ˈnæːsɑ/,nay-sah
mun,/mɵn/,muhn
hand,/hanːd/,haand
fot,/fuːt/,foot
hjärta,/ˈjɛːʈːɑ/,yair-tah
blod,/bluːd/,blood
ben,/beːn/,bayn
hud,/huːd/,hood
hår,/hoːr/,hohr
kläder,/ˈklæːdɛr/,klay-der
skor,/skuːr/,skoor
hatt,/hat/,hat
bröd,/bruːd/,brood
kött,/ɕœt/,shuht
fisk,/fɪsk/,fisk
grönsaker,/ˈjrøːnsɑːkɛr/,yruhn-saa-ker
ris,/riːs/,rees
nudlar,/ˈnɵːdlɑr/,nuud-lahr
soppa,/ˈsɔpːɑ/,sop-pah
te,/teː/,teh
kaffe,/ˈkafːɛ/,kaf-feh
mjölk,/mjœlk/,myuhlk
vatten,/ˈvatːɛn/,vat-ten
vin,/viːn/,veen
medicin,/meːdɪˈsiːn/,may-dee-seen
sjukdom,/ˈɧʉːkduːm/,shuhk-doom
läkare,/ˈlæːkɑrɛ/,lay-kah-reh
sjukhus,/ˈɧʉːkhuːs/,shuhk-hoos
behandling,/bɛˈhɑːndlɪŋ/,beh-haan-dling
återhämtning,/oːtɛrˈhɛmːtnɪŋ/,oh-ter-hemm-tning
smärta,/ˈsmærːtɑ/,smair-tah
bekväm,/bɛˈkʋɛm/,beh-kvem
hunger,/ˈhɵŋːɛr/,hung-ehr
törst,/tœrst/,turst
trötthet,/ˈtrœtːheːt/,truhtt-hayt
energi,/ɛnɛrˈjiː/,eh-ner-yee
regn,/rɛŋn/,rengn
snö,/snøː/,snuh
vind,/vɪnːd/,vind
moln,/muːln/,mooln
åska,/ˈoːskɑ/,oh-skah
blixt,/blɪkst/,blikst
regnbåge,/ˈrɛŋnˌboːjɛ/,rengn-boh-yeh
årstid,/ˈoːʂtiːd/,ohr-steed
månad,/ˈmoːnɑːd/,moh-naad
vecka,/ˈvɛkːɑ/,vek-kah
timme,/ˈtɪmːɛ/,tim-meh
minut,/miˈnuːt/,mee-noot
sekund,/seˈkɵnːd/,seh-kuhnnd
dag,/dɑːj/,daay
morgon,/ˈmɔrːjɔn/,mor-yon
middag,/ˈmɪdːɑːj/,mid-daay
kväll,/kvɛl/,kvel
midnatt,/ˈmɪdːnɑt/,mid-nat
gryning,/ˈjryːnɪŋ/,yruh-ning
skymning,/ˈɧʏmnɪŋ/,shuhm-ning
färg,/færːj/,fair-y
röd,/ruːd/,rood
blå,/bloː/,bloh
grön,/jrøːn/,yruhn
gul,/guːl/,gool
svart,/svɑːrt/,svaart
vit,/viːt/,veet
grå,/groː/,groh
brun,/bruːn/,broon
lila,/ˈliːlɑ/,lee-lah
orange,/ɔrˈɑːnʒɛ/,or-aahn-zheh
rosa,/ˈruːsɑ/,roo-sah
metall,/meˈtal/,meh-tal
guld,/gɵld/,guld
silver,/ˈsɪlvɛr/,sil-ver
koppar,/ˈkɔpːɑr/,kop-par
järn,/jærːn/,yairn
glas,/glɑːs/,glaas
tyg,/tyːj/,tyyh
läder,/ˈlæːdɛr/,lay-der
papper,/ˈpapːɛr/,pap-per
trä,/træː/,tray
sten,/steːn/,stayn
sand,/sanːd/,saand
jord,/juːrd/,yurd
is,/iːs/,ees
eld,/ɛld/,eld
rök,/ruːk/,rook
ånga,/ˈoːŋɑ/,oong-ah
djur,/jʉːr/,yuhur
fågel,/ˈfoːjɛl/,foh-yel
insekt,/ˈɪnˌsɛkt/,in-sekt
häst,/hɛst/,hest
hund,/hɵnːd/,huhnd
katt,/kat/,kat
ko,/kuː/,koo
får,/foːr/,fohr
gris,/jriːs/,yrees
lejon,/leˈjuːn/,leh-yoon
tiger,/ˈtiːjɛr/,tee-yer
björn,/bjœrn/,byuhrn
varg,/vɑːrj/,vaary
orm,/ɔrm/,orm
groda,/ˈgruːdɑ/,groo-dah
fjäril,/ˈjærːɪl/,yair-il
bi,/biː/,bee
myra,/ˈmyːrɑ/,myuh-rah
växt,/vɛkst/,vekst
gräs,/jræːs/,yraas
blomma,/ˈblɔmːɑ/,blom-mah
träd,/træːd/,traad
buske,/ˈbɵːskɛ/,buhs-keh
svamp,/svamp/,svamp
mossa,/ˈmɔsːɑ/,mos-sah
alger,/ˈalːjɛr/,aal-yer
natur,/naˈtuːr/,nah-tuur
miljö,/ˈmɪljuː/,mil-yoo
ekologi,/ekoˈloːji/,eh-koh-loh-yee
förorening,/fœrʊˈreːnɪŋ/,fuhr-oh-ray-ning
renhet,/ˈreːnheːt/,rayn-hayt
grumlig,/ˈgrɵmːlɪj/,gruhm-lij
klar,/klɑːr/,klaar
ljus,/jʉːs/,yuhs
mörk,/mœrk/,murk
glittra,/ˈjlɪtːrɑ/,yliht-trah
blinka,/ˈblɪŋːkɑ/,bling-kah
lys,/lyːs/,luys
reflektera,/rɛflɛkˈteːrɑ/,reh-flek-tay-rah
absorbera,/absɔrˈbeːrɑ/,ab-sor-bay-rah
transparent,/transpaˈrɛnt/,trans-pah-rent
opak,/oˈpaːk/,oh-paak
translucent,/transˈlʉːsent/,trans-luh-sent
hård,/hoːrd/,hood
mjuk,/jʉːk/,yuuk
elastisk,/eˈlastɪsk/,eh-las-tisk
spröd,/sprøːd/,spruhd
seg,/seːj/,say
slät,/slæːt/,slaht
rå,/roː/,roh
fin,/fiːn/,feen
grov,/gruːv/,groov
fuktig,/ˈfɵkːtɪj/,fuhk-tij
torr,/tɔr/,tor
fuktig,/ˈfɵkːtɪj/,fuhk-tij
fet,/feːt/,fayt
fräsch,/frɛʃ/,fresh
färsk,/færːsk/,fairshk
rutten,/ˈrɵtːɛn/,ruht-ten
gammal,/ˈjamːɑl/,yaam-aal
ny,/nyː/,nyuh
forntida,/ˈfɔrnˌtiːdɑ/,fohrn-tee-dah
modern,/mɔˈdɛrn/,moh-dern
antik,/anˈtiːk/,an-teek
nutida,/ˈnuːˌtiːdɑ/,noo-tee-dah
tradition,/tradiˈɧuːn/,trah-dee-shuuhn
sed,/seːd/,sayd
kultur,/kɵlˈtuːr/,kul-tuur
civilisation,/sɪvɪlɪsaˈɧuːn/,sih-vih-lih-sah-shuuhn
samhälle,/samˈhɛlːɛ/,sam-hell-eh
gemenskap,/jeˈmɛnːskɑːp/,yeh-men-skaap
grupp,/grɵp/,gruhp
individ,/ˈɪndɪˌviːd/,in-di-veed
kollektiv,/kɔlɛkˈtiːv/,koh-lek-teev
land,/lanːd/,laand
stad,/staːd/,staad
landet,/ˈlanːdɛt/,laan-det
by,/byː/,byuh
gata,/ˈgɑːtɑ/,gaah-tah
torg,/tɔrj/,tory
marknad,/ˈmarknɑːd/,mark-naad
butik,/bʉˈtiːk/,byuh-teek
skola,/ˈskuːlɑ/,skoo-lah
universitet,/ɵnivɛrsiˈteːt/,uh-nee-ver-see-tayt
bibliotek,/ˈbiːblɪʊˌteːk/,beeb-lee-oh-tayk
museum,/myˈseːɵm/,myuh-say-uhm
teater,/teˈɑːtɛr/,teh-aah-ter
konsertsal,/kɔnˈsɛrʦˌsɑːl/,kon-serts-saal
arena,/aˈreːnɑ/,ah-ray-nah
park,/parːk/,paark
trädgård,/ˈtræːdˌgoːrd/,trayd-gohrd
gård,/goːrd/,gohrd
fabrik,/faˈbriːk/,fah-breek
kontor,/kɔnˈtuːr/,kon-tuur
hem,/heːm/,haym
rum,/ruːm/,room
kök,/ɕøːk/,shuhk
badrum,/ˈbɑːdruːm/,baad-room
sovrum,/ˈsuːvruːm/,soov-room
vardagsrum,/ˈvɑːrdɑjsˌruːm/,vaard-ays-room
matsal,/ˈmatˌsɑːl/,maat-saal
dörr,/dœr/,duhr
fönster,/ˈfœnːstɛr/,fuhn-stehr
vägg,/vɛj/,vay
golv,/gɔlv/,golv
tak,/tɑːk/,taak
möbel,/ˈmøːbɛl/,muh-bel
bord,/buːrd/,boord
stol,/stuːl/,stool
soffa,/ˈsɔfːɑ/,sof-fah
säng,/sɛŋ/,seng
skåp,/ʃoːp/,shohp
bokhylla,/ˈbuːkhʏlːɑ/,book-hyll-lah
spegel,/ˈspeːjɛl/,spay-yel
lampa,/ˈlampɑ/,lamp-ah
elapparat,/ˈeːlɑpˌpɑːrɑːt/,ayl-ap-paa-raat
telefon,/teˈleːfuːn/,teh-lay-foon
dator,/dɑːˈtuːr/,dah-tuur
tv,/teː ˈveː/,teh vay
radio,/ˈrɑːdɪˌʊ/,raa-dee-oh
kamera,/kɑˈmeːrɑ/,kah-may-rah
klocka,/ˈklɔkːɑ/,klok-kah
kalender,/kɑˈlɛnːdɛr/,kah-len-der
karta,/ˈkarːtɑ/,kaar-tah
kompass,/kɔmˈpas/,kom-pas
hammare,/ˈhamːɑrɛ/,ham-mah-reh
skruvmejsel,/ˈskruːvˌmɛjːsɛl/,skroov-may-sel
såg,/soːj/,sohy
sax,/saks/,saks
nål,/noːl/,nohl
tråd,/troːd/,trohd
knapp,/nap/,nap
dragkedja,/ˈdraːjkɛdˌjɑː/,draay-keh-dyah
nyckel,/ˈnʏkːɛl/,nyhk-kel
lås,/loːs/,lohs
plånbok,/ˈplɔnːbɔk/,plon-book
påse,/ˈpʰoːsɛ/,phoh-seh
låda,/ˈloːdɑ/,lohd-ah
ask,/ask/,ask
flaska,/ˈflaska/,flas-kah
glas,/glɑːs/,glaas
tallrik,/ˈtalːrɪk/,tal-rik
skål,/skoːl/,skohl
sked,/skiːd/,skeed
gaffel,/ˈjafːɛl/,yaf-fel
kniv,/niːv/,neev
pinnar,/ˈpɪnːɑr/,pin-naahr
servett,/sɛrˈvɛt/,ser-vet
bordsduk,/ˈbuːrdˌdʉːk/,boord-duuk
gryta,/ˈjryːtɑ/,yryuh-tah
stekpanna,/ˈsteːkˌpanːɑ/,stayk-pan-naah
ugn,/ɵŋ/,uhn
kylskåp,/ˈɕyːlˌskoːp/,shyuhl-skohp
tvättmaskin,/ˈtvɛtːˌmaskiːn/,tvet-mask-een
dammsugare,/ˈdamːˌsuːjɑrɛ/,dam-soo-yah-reh
kvast,/kvast/,k vast
mops,/mɔps/,mops
trasa,/ˈtrɑːsɑ/,traa-sah
tvål,/tvoːl/,tvohl
schampo,/ˈɧamːpu/,sham-poo
tandkräm,/ˈtanːdˌkræːm/,taand-kraam
tandborste,/ˈtanːdˌbɔʂtɛ/,taand-bors-teh
kam,/kɑːm/,kaam
handduk,/ˈhanːdɵk/,haand-duk
badrock,/ˈbɑːdruːk/,baad-rook
tröja,/ˈtrøːjɑ/,truh-yah
byxor,/ˈbyːkʂu/,byuuk-shu
kjol,/ɕuːl/,shuul
jacka,/ˈjakːɑ/,yak-kah
rock,/rɔk/,rok
skjorta,/ˈɧʊrːtɑ/,shuurt-ah
t-shirt,/tiː ˈʃiːrt/,tee shiirt
underkläder,/ˈɵnːdɛrˌklæːdɛr/,uhn-der-klay-der
strumpor,/ˈstrɵmːpu/,struhm-poo
handskar,/ˈhanːdskɑr/,haand-skar
svep,/sveːp/,svayp
bälte,/ˈbɛlːtɛ/,bell-teh
smycke,/ˈsmʏkːɛ/,smuhk-keh
halsband,/ˈhalːsbɑnːd/,haals-band
örhänget,/ˈøːrˌhɛŋːɛt/,uh-hen-get
ring,/rɪŋ/,ring
armband,/ˈarːmbɑnːd/,arm-band
glasögon,/ˈglɑːsˌøːjuːn/,glaas-uh-yoon
solglasögon,/ˈsuːlˌglɑːsˌøːjuːn/,sool-glaas-uh-yoon
paraply,/pɑˈrɑːply/,pah-raa-plyuh
ryggsäck,/ˈrʏjˌsɛk/,ryuh-sek
handväska,/ˈhanːdˌvɛːskɑ/,haand-vay-skah
portfölj,/pɔrtˈfœlːj/,port-fuhy
resväska,/ˈreːsˌvɛːskɑ/,rays-vay-skah
fordon,/fɔrˈduːn/,for-doon
bil,/biːl/,beel
cykel,/ˈsyːkɛl/,syuh-kel
motorcykel,/ˈmuːtuːrˌsyːkɛl/,moo-toor-syuh-kel
buss,/bɵs/,buhs
tåg,/toːj/,tohy
flygplan,/ˈflyːjˌplɑːn/,flyuh-plan
båt,/boːt/,boht
skepp,/ɕɛp/,shehp
ubåt,/ˈʉːˌboːt/,uh-boht
helikopter,/heˈliːkɔptɛr/,heh-lee-kop-ter
raket,/raˈkeːt/,rah-kayt
satellit,/sateˈliːt/,sah-teh-leet
rymdskepp,/ˈryːmdˌɕɛp/,ryuhmd-shehp
motorväg,/ˈmuːtuːrˌvɛːj/,moo-toor-vay
järnväg,/ˈjærːnˌvɛːj/,yairn-vay
flygplats,/ˈflyːjˌplats/,flyuh-plaats
hamn,/hamːn/,haamn
station,/staˈɧuːn/,stah-shuuhn
parkering,/paʁˈkeːriŋ/,par-keh-ring
trafikljus,/ˈtrɑːfɪkˌlyːs/,traa-fik-luys
vägmärke,/ˈvɛːjˌmærːkɛ/,vay-mair-keh
norr,/nɔr/,nor
söder,/ˈsøːdɛr/,suh-der
öster,/ˈœstɛr/,uh-ster
väster,/ˈvɛstɛr/,ves-ter
nordost,/ˈnuːrdˌɔst/,nuhrd-ost
nordväst,/ˈnuːrdˌvɛst/,nuhrd-ves
sydost,/ˈsyːdˌɔst/,syud-ost
sydväst,/ˈsyːdˌvɛst/,syud-ves
centrum,/ˈsɛnːtrɵm/,sen-truhm
kant,/kanːt/,kaant
inre,/ˈɪnːrɛ/,in-reh
yttre,/ˈʏtːrɛ/,yht-reh
ovan,/ˈuːvɑn/,oo-van
under,/ˈɵnːdɛr/,uhn-der
framför,/ˈframˌføːr/,fram-fuhr
bakom,/bɑˈkuːm/,bah-koom
vänster,/ˈvɛnːstɛr/,ven-ster
höger,/ˈhøːjɛr/,huh-yer
mitten,/ˈmɪtːɛn/,mit-ten
omkring,/ɔmˈkrɪŋ/,om-kring
nära,/ˈnæːrɑ/,nay-rah
långt borta,/ˈloːŋt ˈbɔrːtɑ/,longt bor-tah
över,/ˈøːvɛr/,uh-ver
hörn,/hœrn/,hurn
gräns,/jræːns/,yrians
kustlinje,/ˈkɵstˌlɪnːjɛ/,kuhst-lin-yeh
sjö,/ɕøː/,shuh
ö,/øː/,uh
halvö,/ˈhalːvøː/,hal-vuh
kontinent,/kɔnˈtɪnːɛnt/,kon-tin-ent
värld,/værːld/,vairld
universum,/ɵnivɛrˈsuːm/,uh-nee-ver-soom
planet,/plaˈneːt/,plah-nayt
stjärna,/ˈɧæːɳɑ/,shyair-nah
galax,/jaˈlaks/,yah-laks
svart hål,/ˈsvɑːrt hoːl/,svaart hohl
förfluten tid,/ˈfœrˌfluːtɛn tiːd/,fuhr-floot-en teed
nutid,/ˈnuːtiːd/,noo-teed
framtid,/ˈframtiːd/,fram-teed
evighet,/eˈviːjeːt/,eh-vee-yayt
ögonblick,/ˈøːjuːnˌblik/,uh-yoon-blik
stund,/stɵnːd/,stuhnd
period,/peˈriːɔd/,peh-ree-od
decennium,/dɛˈsɛnɪˌɵm/,deh-seh-nee-uhm
sekel,/ˈseːkɛl/,say-kel
millennium,/mɪˈlɛnɪˌɵm/,mih-len-ee-uhm
historia,/hɪstoˈriːɑ/,his-toh-ree-ah
förhistoria,/fœrhɪstoˈriːɑ/,fuhr-his-toh-ree-ah
antiken,/anˈtiːkɛn/,an-teek-en
medeltiden,/ˈmeːdɛlˌtiːdɛn/,may-del-tee-den
nyare tid,/ˈnyːɑrɛ tiːd/,nyuh-ah-reh teed
modern tid,/mɔˈdɛrn tiːd/,moh-dern teed
nutid,/ˈnuːtiːd/,noo-teed
framtid,/ˈframtiːd/,fram-teed
arkeologi,/arkɛʊˈloːji/,ar-keh-oh-loh-yee
antropologi,/antroʊpɔˈloːji/,an-troh-poh-loh-yee
sociologi,/sɔsiɔˈloːji/,soh-see-oh-loh-yee
psykologi,/psykɔˈloːji/,psy-koh-loh-yee
filosofi,/fɪlɔˈsoːfi/,fi-loh-soh-fee
etik,/ˈeːtɪk/,ay-tik
logik,/ˈluːjɪk/,loo-yik
matematik,/mateˈmaːtɪk/,mah-teh-maa-tik
geometri,/jeʊˈmeːtrɪ/,yuh-may-tri
algebra,/alˈjeːbrɑ/,al-yay-brah
kalkyl,/ˈkalːsyːl/,kal-syuul
statistik,/statiˈstiːk/,stah-tee-steek
fysik,/ˈfyːsɪk/,fyu-sik
kemi,/ˈɕeːmi/,shay-mi
biologi,/bɪʊˈloːji/,bee-oh-loh-yee
anatomi,/anatoˈmiː/,ah-nah-toh-mee
fysiologi,/fysɪʊˈloːji/,fyu-see-oh-loh-yee
genetik,/jeˈneːtɪk/,yeh-nay-tik
ekologi,/ekoˈloːji/,eh-koh-loh-yee
astronomi,/astrɔˈnoːmi/,as-troh-noh-mi
geografi,/jeʊˈgrɑːfi/,yuh-graa-fi
geologi,/jeʊˈloːji/,yuh-loh-yee
meteorologi,/meːtɛʊrɔˈloːji/,may-teh-oh-roh-loh-yee
oceanografi,/oːceanɔˈgrɑːfi/,oh-seh-ah-noh-graa-fi
medicin,/meːdɪˈsiːn/,may-dee-seen
kirurgi,/kɪˈryːrji/,kee-ryuhr-yee
pediatrik,/peːdɪaˈtriːk/,pay-dee-ah-treek
gynekologi,/jʏnekoˈloːji/,yuh-neh-koh-loh-yee
oftalmologi,/ɔftalmoˈloːji/,of-tal-moh-loh-yee
otorhinolaryngologi,/oːtoʊraɪnoʊlərɪŋˈɡɒlədʒi/,oh-toh-rye-noh-luh-rin-gol-uh-jee
odontologi,/odoʊnˈtɒlədʒi/,oh-don-tol-uh-jee
psykiatri,/psykɪaˈtriː/,psy-kee-ah-tree
neurologi,/neʊˈrɒlədʒi/,nyuh-rol-uh-jee
kardiologi,/kɑːrdɪəˈlɒdʒi/,kar-dee-oh-lol-uh-jee
onkologi,/ɔŋˈkɒlədʒi/,ong-kol-uh-jee
immunologi,/ɪmjuːnəˈlɒdʒi/,im-yuh-nuh-lol-uh-jee
virologi,/vaɪrəˈlɒdʒi/,vy-ruh-lol-uh-jee
bakteriologi,/bækˌtɪəriəˈlɒdʒi/,bak-tee-ree-uh-lol-uh-jee
parasitologi,/ˌpærəsɪˈtɒlədʒi/,pair-uh-sih-tol-uh-jee
farmakologi,/ˌfɑːrməˈkɒlədʒi/,far-muh-kol-uh-jee
toxikologi,/ˌtɒksɪkəˈlɒdʒi/,tok-sih-kuh-lol-uh-jee
nutrition,/njuːtrɪˈʃən/,nyoo-trih-shun
idrottsvetenskap,/ˈiːdrɔtˌveːtɛnˌskɑːp/,ee-drot-vay-ten-skaap
rehabilitering,/rehaˌbiːlɪteˈrɪŋ/,reh-hah-bee-lee-teh-ring
sjuksköterska,/ˈɧʉːkˌɧøːtɛrˌskɑː/,shuhk-shuht-er-skah
barnmorska,/ˈbɑːrnˌmɔrːskɑ/,baarn-moorsk-ah
sjukgymnastik,/ˈɧʉːkˌjʏmˈnɑːstɪk/,shuhk-yuhm-naas-tik
arbetsterapi,/ˈarːbɛtˌsteˈrɑːpi/,aar-bets-teh-raa-pee
lingvistik,/lɪŋˈɡwɪstɪk/,ling-gwis-tik
fonetik,/fɔˈneːtɪk/,foh-nay-tik
fonologi,/fɔnɔˈloːji/,foh-noh-loh-yee
morfologi,/mɔrfɔˈloːji/,mor-foh-loh-yee
syntax,/ˈsɪntaks/,sin-taks
semantik,/seˈmantɪk/,seh-man-tik
pragmatik,/praɣˈmatɪk/,prahg-mah-tik
lexikologi,/lɛksɪkɔˈloːji/,lek-sih-koh-loh-yee
etymologi,/etɪmɔˈloːji/,eh-tih-moh-loh-yee
dialektologi,/dɪəˌlɛkˈtɒlədʒi/,dee-uh-lek-tol-uh-jee
sociolingvistik,/ˌsoʊsioʊlɪŋˈɡwɪstɪk/,soh-see-oh-ling-gwis-tik
psykolingvistik,/ˌsaɪkoʊlɪŋˈɡwɪstɪk/,sy-ko-ling-gwis-tik
neurolingvistik,/ˌnʊroʊlɪŋˈɡwɪstɪk/,nuh-ro-ling-gwis-tik
datorlingvistik,/dɑːtɔrlɪŋˈɡwɪstɪk/,daa-tor-ling-gwis-tik
översättning,/øːvɛrˈsɛtːnɪŋ/,uh-ver-set-ning
tolkning,/ˈtɔlːknɪŋ/,tolk-ning
litteratur,/lɪtɛrɑˈtuːr/,lih-teh-rah-tuur
poesi,/poˈeːsi/,poh-ay-see
roman,/ruˈmaːn/,roo-maan
drama,/ˈdrɑːmɑ/,draa-mah
prosa,/ˈproːsɑ/,proh-sah
mytologi,/mʏtɔˈloːji/,myuh-toh-loh-yee
saga,/ˈsɑːjɑ/,saay-ah
folktale,/ˈfɔlktɑːl/,folk-taal
fabel,/ˈfɑːbɛl/,faa-bel
sagoberättelse,/ˈsɑːjuˌbeˈrɛtːɛlˌsɛ/,saay-yuh-beh-ret-el-seh
epos,/ˈeːpuːs/,ay-poos
tragedi,/traˈjeːdɪ/,trah-yay-dee
komedi,/kɔˈmeːdɪ/,koh-may-dee
satir,/saˈtiːr/,sah-teer
romantik,/rɔˈmanːtɪk/,roh-man-tik
realism,/reˈaːlɪsm/,reh-aal-ism
naturalism,/nɑːtʊrɑˈlɪsm/,nah-too-rah-lism
symbolism,/sʏmˈbuːlɪsm/,sym-bool-ism
expressionism,/ɛkspresjɔˈnɪsm/,ek-spreh-syo-nism
surrealism,/sɵrreˈaːlɪsm/,sur-reh-aal-ism
modernism,/mɔˈdɛrnɪsm/,moh-dern-ism
postmodernism,/pɔstmɔˈdɛrnɪsm/,post-moh-dern-ism
konst,/kɔnst/,konst
målning,/ˈmɔːlnɪŋ/,mohl-ning
skulptur,/skɵlˈpyːr/,skuhl-pyuhr
fotografi,/fʊtɔˈgrɑːfi/,foo-toh-graa-fi
grafik,/ˈgrɑːfɪk/,graaf-ik
arkitektur,/arkɪtekˈtuːr/,ar-kih-tek-tuur
design,/dɪˈzaɪn/,dee-zine
mode,/ˈmuːdɛ/,moo-deh
musik,/ˈmyːsɪk/,myuu-sik
sång,/sɔŋ/,song
instrumentalmusik,/ˈɪnstrʊˌmɛntɑlˌmyːsɪk/,in-stroo-men-tal-myuu-sik
symfoni,/sʏmˈfuːni/,sym-foon-ee
konsert,/kɔnˈsɛrt/,kon-sert
sonat,/sʊˈnɑːt/,soo-naat
kammarmusik,/ˈkamːɑrˌmyːsɪk/,kam-mar-myuu-sik
opera,/ˈuːpɛrɑ/,oo-peh-rah
balett,/bɑˈlɛt/,bah-let
dans,/dɑːns/,daans
teater,/teˈɑːtɛr/,teh-aah-ter
film,/fɪlm/,film
television,/ˈtɛlɪˌvɪʒən/,teh-lee-vih-zhun
radio,/ˈrɑːdɪˌʊ/,raa-dee-oh
nya medier,/ˈnyːɑ ˈmeːdɪɛr/,nyuh-ah may-dee-ehr
digital konst,/ˈdɪdʒɪtɑːl kɔnst/,dih-jih-taal konst
interaktiv konst,/ˈɪntɛrˌaktiːv kɔnst/,in-ter-ak-teev konst
performans,/pɛrfɔrˈmɑːns/,per-for-maans
installation,/ɪnstɑːlɑˈɧuːn/,in-staah-lah-shuuhn
konceptuell konst,/kɔnˈsɛptʏˌɛl kɔnst/,kon-sep-tuh-yel konst
minimalism,/mɪˈnɪmɑːlɪsm/,mih-nih-maa-lism
abstrakt konst,/abˈstrakːt kɔnst/,ab-strakt konst
figurativ konst,/fɪjʊrɑˈtiːv kɔnst/,fih-yuh-raa-teev konst
klassisk konst,/ˈklasːɪsk kɔnst/,klas-isk konst
modern konst,/mɔˈdɛrn kɔnst/,moh-dern konst
nutida konst,/ˈnuːˌtiːdɑ kɔnst/,noo-tee-dah konst
religion,/reˈliːdʒɔn/,reh-lee-jon
tro,/truː/,troo
gud,/guːd/,good
Gud,/guːd/,Good
gudinna,/gɵˈdɪnːɑ/,gud-in-nah
ängel,/ˈɛŋːɛl/,eng-el
djävul,/ˈjæːvɵl/,yay-vuhl
själ,/ɕɛːl/,shayl
anda,/ˈanːdɑ/,aan-dah
livet efter döden,/ˈliːvɛt ˈɛfːtɛr ˈdøːdɛn/,leev-et ef-ter duh-den
himmel,/ˈhɪmːɛl/,him-mel
helvete,/hɛlˈveːtɛ/,hel-vay-teh
skärselden,/ˈɕærːˌsɛlːdɛn/,shair-sel-den
karma,/ˈkɑːrmɑ/,kaar-mah
nirvana,/nɪrˈvɑːnɑ/,nir-vaa-nah
upplysning,/ˈɵplyːsnɪŋ/,uh-lyuhs-ning
förlossning,/fœrˈlɔsːnɪŋ/,fuhr-los-ning
synd,/sʏnːd/,synnd
dygd,/dyːjd/,dyuhd
moral,/mʊˈrɑːl/,muh-raal
etik,/ˈeːtɪk/,ay-tik
ritual,/rɪˈtuːɑːl/,rih-too-aal
offer,/ˈɔfːɛr/,of-fer
bön,/bøːn/,buhn
meditation,/meːdɪtɑˈɧuːn/,may-dee-tah-shuuhn
gudstjänst,/ˈguːdstjɛːnst/,good-styaynst
kyrka,/ˈɕʏrːkɑ/,shyur-kah
tempel,/ˈtɛmpɛl/,tem-pel
moské,/mɔsˈkeː/,mos-kay
kloster,/ˈkluːstɛr/,kloos-ter
munk,/mɵŋk/,muhnk
nunna,/ˈnɵnːɑ/,nuhn-nah
präst,/prɛst/,prest
rabbin,/raˈbiːn/,rah-been
imam,/iˈmɑːm/,ih-maam
shaman,/ˈʃɑːmɑn/,shaam-an
trollkarl,/ˈtrɔlːˌkɑːrl/,trol-karl
häxa,/ˈhɛːksɑ/,hayk-sah
profet,/prʊˈfeːt/,proo-fayt
helgon,/ˈhɛlːjuːn/,hell-yoon
martyr,/marˈtyːr/,mar-teer
troende,/ˈtruːɛndɛ/,troo-en-deh
hedning,/ˈheːdnɪŋ/,hayd-ning
ateist,/aˈteːɪst/,ah-tay-ist
agnostiker,/aɡˈnɔstɪkɛr/,ag-nos-ti-ker
polyteism,/pɔlʏˈteːɪsm/,poh-lyuh-tay-ism
monoteism,/mɔnʊˈteːɪsm/,mon-uh-tay-ism
pantheism,/pɑːnˈteːɪsm/,paan-tay-ism
deism,/ˈdeːɪsm/,day-ism
humanism,/hɵˈmɑːnɪsm/,huh-maa-nism
sekularism,/ˈseːkɵˌlɑːrɪsm/,say-kuh-laar-ism
mysticism,/mʏsˈtɪsɪsm/,mys-tih-sism
spiritualitet,/spɪrɪtʊaˈliːtɛt/,spir-ih-too-ah-lee-tet
politik,/pɔˈliːtɪk/,poh-lee-tik
regering,/reˈjeːrɪŋ/,reh-yay-ring
nation,/nɑˈɧuːn/,nah-shuuhn
suveränitet,/sɵvɛræˈniːtɛt/,suh-ver-ay-nee-tet
demokrati,/deːmʊkraˈtiː/,day-muh-krah-tee
despotism,/dɛsˈpuːtɪsm/,des-poo-tism
diktatur,/dɪkˈtɑːtuːr/,dik-taa-tuur
monarki,/mʊˈnɑːrki/,muh-naar-ki
republik,/rɛpɵˈbliːk/,reh-puh-bleek
federalism,/feːdɛrɑˈlɪsm/,fay-deh-rah-lism
konfederalism,/kɔnfɛdɛrɑˈlɪsm/,kon-feh-deh-rah-lism
parlamentarism,/parlameŋtaˈriːsm/,par-lah-men-tah-reesm
presidentialism,/presɪdɛnˈɧɑːlɪsm/,preh-sih-den-shaal-ism
grundlag,/ˈgrɵnːdˌlɑːj/,gruhnd-laay
lag,/lɑːj/,laay
juridik,/jɵˈriːdɪk/,yuh-ree-dik
domstol,/ˈdɔmːstuːl/,dom-stool
domare,/ˈduːmɑrɛ/,doo-mah-reh
advokat,/advʊˈkɑːt/,ad-vuh-kaat
åklagare,/ˈoːklɑːjɑrɛ/,ohk-laay-ah-reh
polis,/pʊˈliːs/,poo-lees
armé,/arˈmeː/,ar-may
flotta,/ˈflɔtːɑ/,floth-tah
flygvapen,/ˈflyːjˌvɑːpɛn/,flyuh-vaa-pen
försvar,/ˈfœrːsvɑːr/,fuhrs-vaar
diplomati,/dɪplʊmaˈtiː/,dih-ploo-mah-tee
ambassadör,/ambasɑˈdøːr/,am-bah-sah-duhr
konsul,/kɔnˈsuːl/,kon-sool
FN,/ef ˈeːn/,ef ayn
EU,/eː ˈʉː/,ay uh
NATO,/ˈneːtu/,nay-too
Warszawapakten,/ˈvarʂavˌpakːtɛn/,var-shah-vah-pak-ten
icke-alliansrörelsen,/ˈɪkːɛ alːɪˈɑːnsˌrøːrɛlsɛn/,ik-eh aal-lee-aans-ruh-rel-sen
globalisering,/gluːbaliˈseːrɪŋ/,gloo-bah-lee-say-ring
internationalisering,/ɪnternationaliˈseːrɪŋ/,in-ter-na-shuh-na-lee-say-ring
lokalisering,/lukaliˈseːrɪŋ/,loo-kah-lee-say-ring
nationalism,/naˈɧuːnɑlɪsm/,nah-shuuhn-ah-lism
patriotism,/patriʊˈtɪsm/,pah-tree-uh-tism
internationalism,/ɪnternationalɪˈsm/,in-ter-na-shuh-na-lism
kosmopolitism,/kɔsmupoliˈtɪsm/,kos-moh-poh-lee-tism
isolationism,/aɪsəˈleɪʃənɪsm/,eye-suh-lay-shun-ism
protektionism,/prʊtekˈɧuːnɪsm/,pruh-tek-shuuhn-ism
frihandel,/ˈfriːˌhanːdɛl/,free-han-del
ekonomi,/eːkʊˈnuːmi/,ay-kuh-noo-mee
mikroekonomi,/ˈmɪkrʊʊˌeːkʊnuːmi/,mih-kroo-ay-kuh-noo-mee
makroekonomi,/ˈmakrʊʊˌeːkʊnuːmi/,mak-roo-ay-kuh-noo-mee
nationalekonomi,/naˈɧuːnɑleːkʊˌnuːmi/,nah-shuuhn-ah-lay-kuh-noo-mee
finans,/fɪˈnɑːns/,fih-naans
bankväsen,/ˈbaŋkˌvæːsɛn/,bangk-vay-sen
bank,/baŋk/,bangk
valuta,/vɑˈluːtɑ/,vah-loo-tah
växelkurs,/ˈvɛkːsɛlˌkɵrs/,vek-sel-kuhrs
inflation,/ɪnflaˈɧuːn/,in-flah-shuuhn
deflation,/deflaˈɧuːn/,deh-flah-shuuhn
depression,/dɛprɛˈɧuːn/,deh-preh-shuuhn
recession,/rɛˈsɛːʃɔn/,reh-say-shon
boom,/buːm/,boom
tillväxt,/ˈtɪlːˌvɛkst/,til-vekst
utveckling,/ɵtˈvɛkːlɪŋ/,uh-tek-ling
fattigdom,/ˈfatːɪjˌduːm/,fat-ij-doom
rikedom,/ˈriːkɛˌduːm/,reek-eh-doom
förmögenhet,/fœrˈmøːjɛnˌheːt/,fuhr-muh-yen-hayt
inkomst,/ˈɪŋkɔmst/,ing-komst
utgift,/ˈɵtˌjɪft/,uht-jift
sparande,/ˈspɑːrˌɑnːdɛ/,spaar-aan-deh
investering,/ɪnvɛsˈteːrɪŋ/,in-ves-tay-ring
konsumtion,/kɔnsɵmˈɧuːn/,kon-sum-shuuhn
produktion,/prɔdɵkˈɧuːn/,proh-duk-shuuhn
distribution,/dɪstrɪbɵˈɧuːn/,dis-trih-buh-shuuhn
utbyte,/ˈɵtˌbyːtɛ/,uht-byuhte
efterfrågan och utbud,/ˈɛfːtɛrˌfrɔːɡɑn ɔk ˈɵtˌbuːd/,ef-ter-froh-gan ok uht-boo-d
pris,/priːs/,prees
värde,/ˈværːdɛ/,vair-deh
nytta,/ˈnʏtːɑ/,nyht-tah
kostnad,/ˈkɔsːtnɑːd/,kos-naad
vinst,/vɪnst/,vinst
förlust,/ˈfœrːlɵst/,fuhr-luhst
kapital,/kapiˈtɑːl/,kah-pee-taal
arbete,/ˈarːbɛtɛ/,aar-beh-teh
jord,/juːrd/,yurd
entreprenör,/ɑntrɛprɛˈnør/,an-treh-preh-nuhr
företag,/ˈføːrɛˌtɑːj/,fuhr-eh-taay
aktie,/ˈakːtiɛ/,ak-tee-eh
obligation,/ɔblɪjaˈɧuːn/,ob-lih-yah-shuuhn
aktiemarknad,/ˈakːtiɛˌmarknɑːd/,ak-tee-eh-mark-naad
varumarknad,/ˈvɑːruˌmarknɑːd/,vaa-roo-mark-naad
arbetsmarknad,/ˈarːbɛtsˌmarknɑːd/,aar-bets-mark-naad
fastighetsmarknad,/ˈfastɪjɛtsˌmarknɑːd/,fas-tih-yets-mark-naad
försäkring,/fœrˈɕɛːkrɪŋ/,fuhr-shayk-ring
skatt,/skat/,skat
budget,/byˈdʒɛt/,byuh-jet
underskott,/ˈɵnːdɛrˌʃɔt/,uhn-der-shot
överskott,/ˈøːvɛrˌʃɔt/,uh-ver-shot
skuld,/skɵld/,shuld
fordran,/ˈfuːrdraːn/,food-raan
tillgång,/ˈtɪlːˌgoːŋ/,til-gong
balans,/bɑˈlɑːns/,bah-laans
bokföring,/ˈbuːkˌføːrɪŋ/,book-fuhr-ing
revision,/reviˈɧuːn/,reh-vee-shuuhn
ledning,/ˈleːdnɪŋ/,layd-ning
organisation,/ɔrjanɪsaˈɧuːn/,or-yah-nee-sah-shuuhn
planering,/plɑˈneːrɪŋ/,plah-nay-ring
kontroll,/kɔnˈtrɔl/,kon-trol
samordning,/sɑˈmuːɖnɪŋ/,sah-moord-ning
kommunikation,/kɔmynikɑˈɧuːn/,koh-myuh-nee-kah-shuuhn
ledarskap,/ˈleːdɑrˌskɑːp/,lay-dar-skaap
teamwork,/ˈtiːmwɜːrk/,teem-wurk
effektivitet,/ɛfektiviˈteːt/,eh-fek-tee-vee-tayt
produktivitet,/prɔdɵktiviˈteːt/,proh-dukt-ee-vee-tayt
kvalitet,/kvɑliˈteːt/,kvah-lee-tayt
innovation,/ɪnʊvaˈɧuːn/,ih-nuh-vah-shuuhn
förändring,/fœˈrɛnːdrɪŋ/,fuhr-en-dring
anpassning,/anˈpasːnɪŋ/,an-pas-ning
inlärning,/ˈɪnːˌlærːnɪŋ/,in-lair-ning
kunskap,/ˈkɵnːskɑːp/,kuhn-skaap
information,/ɪnfɔrmaˈɧuːn/,in-for-mah-shuuhn
data,/ˈdɑːtɑ/,daa-tah
visdom,/ˈviːsˌdɔm/,vees-dom
förståelse,/fœrˈstɔːlˌsɛ/,fuhr-stohl-seh
insikt,/ˈɪnːsɪkːt/,in-sik-t
intuition,/ɪntʏɪˈɧuːn/,in-tuh-ee-shuuhn
rationalitet,/ratɕʊnaliˈteːt/,rah-chuh-na-lee-tayt
känslor,/ˈɕɛnːslu/,shen-slu
emotioner,/emoˈɧuːnɛr/,eh-moh-shuuhn-ehr
sinnesstämning,/ˈsɪnːɛsˌstɛmːnɪŋ/,sin-es-stemm-ning
humör,/hyˈmøːr/,hyuh-muhr
attityd,/atˈtiːyːd/,at-tee-yud
värderingar,/ˈværːdɛˌrɪŋɑr/,vair-deh-ring-aahr
övertygelse,/øːvɛrˈtyːjɛlsɛ/,uh-ver-tyuh-yel-seh
fördom,/ˈføːrduːm/,fuhr-doom
stereotyp,/stɛrɛʊˈtiːp/,steh-reh-oh-teep
diskriminering,/dɪskrɪmɪneˈrɪŋ/,dis-krih-mih-neh-ring
jämlikhet,/ˈjɛmːlɪkheːt/,yemm-lik-hayt
rättvisa,/ˈrɛtːˌviːsɑ/,ret-vee-sah
rättvisa,/ˈrɛtːˌviːsɑ/,ret-vee-sah
inkludering,/ɪnklʏdeˈrɪŋ/,in-klyuh-deh-ring
mångfald,/ˈmɔŋːfɑːld/,mong-faald
identitet,/ɪdɛnˈtiːtɛt/,ih-den-tee-tet
jaget,/ˈjɑːjɛt/,yaay-et
personlighet,/pɛrsɔnliˈheːt/,per-son-lee-hayt
karaktär,/kaˈrakːtær/,kah-rak-tair
temperament,/tɛmpɛraˈmɛnt/,tem-peh-rah-ment
förmåga,/ˈfœrˌmoːɑ/,fuhr-moh-ah
färdighet,/ˈfærːdɪheːt/,fair-dih-hayt
begåvning,/bɛˈgoːvnɪŋ/,beh-gohv-ning
talang,/taˈlaŋ/,tah-lang
potential,/pʊtɛnˈɧɑːl/,poo-ten-shaal
begränsning,/bɛˈjrɛːnsnɪŋ/,beh-yrihns-ning
hinder,/ˈhɪnːdɛr/,hin-der
utmaning,/ɵtˈmɑːnɪŋ/,uh-tmaa-ning
möjlighet,/ˈmœjːlɪkeːt/,muh-y-lih-kayt
risk,/rɪsk/,risk
osäkerhet,/ɔˈsɛːkɛrheːt/,oh-say-ker-hayt
sannolikhet,/sanoˈliːkheːt/,sah-noh-lee-khayt
nödvändighet,/nøːvɛnˈdɪkeːt/,nuhv-en-dih-kayt
slump,/slɵmp/,sluhmp
 öde,/ˈøːdɛ/,uh-deh
fri vilja,/friː ˈvɪlːjɑ/,free vil-yah
determinism,/detɛrmiˈnɪsm/,deh-ter-mih-nism
existens,/ɛkˈsɪstɛns/,ek-sis-tens
väsen,/ˈvæːsɛn/,vay-sen
fenomen,/fenɔˈmeːn/,feh-noh-mayn
verklighet,/vɛrˈkliːheːt/,vehr-klee-hayt
sanning,/ˈsanːɪŋ/,san-neeng
felslut,/ˈfɛlːslɵt/,fell-slut
resonemang,/rɛsʊneˈmɑːŋ/,reh-soo-neh-maang
argumentation,/arjymɛntɑˈɧuːn/,ar-yuh-men-tah-shuuhn
bevis,/ˈbeːviːs/,bay-vees
hypotes,/hʏˈpuːtɛs/,hyuh-poo-tes
teori,/teˈuːri/,teh-oo-ree
modell,/muˈdɛl/,moo-del
paradigm,/paradɪˈjm/,pah-rah-deejm
vetenskap,/ˈveːtɛnˌskɑːp/,vay-ten-skaap
forskning,/ˈfuːʂknɪŋ/,fooshk-ning
experiment,/ɛkspɛriˈmɛnt/,ek-speh-ree-ment
observation,/ɔbsɛrvaˈɧuːn/,ob-ser-vah-shuuhn
mätning,/ˈmɛːtnɪŋ/,mayt-ning
analys,/anaˈlyːs/,ah-nah-luys
syntes,/sʏnˈteːs/,syn-tay-s
tolkning,/ˈtɔlːknɪŋ/,tolk-ning
prediktion,/predɪkˈɧuːn/,preh-dik-shuuhn
verifikation,/vɛrɪfɪkaˈɧuːn/,veh-rih-fee-kah-shuuhn
falsifiering,/falsɪfɪˈseːrɪŋ/,fal-sih-fee-say-ring
reproducerbarhet,/reprɔdɵseˈraːbɛrheːt/,reh-proh-doo-seh-raa-ber-hayt
objektivitet,/ɔbjɛktiviˈteːt/,ob-yek-tee-vee-tayt
subjektivitet,/sɵbjɛktiviˈteːt/,suh-byek-tee-vee-tayt
relativitet,/rɛlatɪviˈteːt/,reh-lah-tee-vee-tayt
absolut,/abˈsuːluːt/,ab-soo-loot
universalitet,/ɵnivɛrsaliˈteːt/,uh-nee-ver-sah-lee-tayt
partikularitet,/pɑrtɪkʊlariˈteːt/,par-tih-koo-lah-ree-tayt
helhet,/ˈheːlheːt/,hayl-hayt
del,/deːl/,dayl
system,/sʏsˈteːm/,sys-taym
struktur,/ˈstrɵkːtɵr/,struk-tur
funktion,/fɵŋkˈɧuːn/,fuhngk-shuuhn
process,/prʊˈsɛs/,proo-ses
relation,/reˈlɑːɧuːn/,reh-laa-shuuhn
interaktion,/ɪntɛrakˈɧuːn/,in-teh-rak-shuuhn
nätverk,/ˈnɛːtværːk/,nayt-vaerk
komplexitet,/kɔmplɛksiˈteːt/,kom-plek-see-tee-tayt
enkelhet,/ˈɛŋkɛlheːt/,enk-el-hayt
ordning,/ˈuːɖnɪŋ/,uud-ning
kaos,/ˈkɑːʊs/,kaa-us
harmoni,/harˈmuːni/,har-moo-nee
konflikt,/kɔnˈfliːkːt/,kon-fleekt
samarbete,/ˈsɑːmˌarˌbeːtɛ/,saam-ar-bay-teh
konkurrens,/kɔŋˈkɵrːɛns/,kong-kuhr-rens
symbios,/sʏmˈbiːʊs/,sym-bee-us
parasitism,/parasɪˈtɪsm/,pah-rah-sih-tism
predation,/predaˈɧuːn/,preh-dah-shuuhn
mutualism,/myːtjuˈɑːlɪsm/,myuu-choo-aal-ism
neutralitet,/nøːtraliˈteːt/,nuh-trah-lee-tayt
beroende,/bɛruˈɛnːdɛ/,beh-roo-en-deh
oberoende,/ˈuːbɛˌruːɛnːdɛ/,oob-eh-roo-en-deh
autonomi,/ɔtɔˈnuːmi/,ah-toh-noo-mee
kontroll,/kɔnˈtrɔl/,kon-trol
inflytande,/ˈɪnːfˌlyːtɑnːdɛ/,in-flyu-tan-deh
makt,/makt/,makt
auktoritet,/ɔktɔriˈteːt/,ok-toh-ree-tayt
legitimitet,/leːdʒɪtɪmiˈteːt/,lay-ji-tee-mee-tayt
rättfärdighet,/ˈrɛtːfærːdɪheːt/,ret-fair-dih-hayt
skyldighet,/ˈɕʏlːdɪheːt/,shyl-dih-hayt
rätt,/rɛt/,ret
frihet,/ˈfriːheːt/,free-hayt
ansvar,/ˈanːsvɑːr/,aan-svaar
plikt,/plɪkːt/,plik-t
ära,/ˈæːrɑ/,ay-rah
värdighet,/ˈværːdɪheːt/,vair-dih-hayt
respekt,/rɛˈspɛkt/,reh-spekt
medkänsla,/ˈmeːdˌɕɛnːslɑ/,mayd-shen-slah
empathi,/ɛmˈpɑːti/,em-paa-tee
medlidande,/ˈmeːdˌliːdɑnːdɛ/,mayd-lee-dan-deh
tolerans,/tɔlɛˈrɑːns/,toh-leh-raans
förlåtelse,/fœrˈloːtɛlsɛ/,fuhr-loh-tel-seh
tacksamhet,/ˈtakːsɑmheːt/,tak-sam-hayt
ödmjukhet,/ˈødːmjɵkheːt/,uhdm-yuhk-hayt
stolthet,/ˈstuːlt heːt/,stoolt hayt
svartsjuka,/ˈsvɑːʈːˌɧʉːkɑ/,svaart-shuuh-kah
avund,/aˈvɵnːd/,ah-vuhnd
girighet,/jɪrɪˈeːt/,yi-ree-ayt
generositet,/dʒɛnɛrɔsiˈteːt/,jeh-neh-roh-see-tayt
själviskhet,/ˈɕɛːlˌvɪskheːt/,shayl-visk-hayt
oegennyttighet,/ʊʔɛjɛnˌnyːtɪheːt/,uh-eh-yen-nyuht-ih-hayt
ärlighet,/ˈærːlɪheːt/,air-lih-hayt
bedrägeri,/bɛˈdræːjɛri/,beh-dray-yeh-ree
förräderi,/fœrˈræːdɛri/,fuhr-ray-deh-ree
lojalitet,/lɔjaliˈteːt/,loy-ah-lee-tayt
pålitlig,/ˈpoːlɪtˌliːj/,pohl-it-leej
tillit,/ˈtɪlːɪt/,til-it
misstänksamhet,/ˈmɪsˌtɛnːskɑmheːt/,mis-ten-skaam-hayt
tro,/truː/,troo
tro,/truː/,troo
hopp,/hɔp/,hop
förtvivlan,/ˈfœrtˌviːvˌlɑːn/,fuirt-veev-laahn
optimism,/ɔpˈtɪmɪsm/,op-tih-mism
pessimism,/pɛsɪˈmɪsm/,peh-sih-mism
realism,/reˈaːlɪsm/,reh-aal-ism
idealism,/ideˈaːlɪsm/,ih-deh-aal-ism
pragmatism,/praɣˈmɑːtɪsm/,prahg-maa-tism
nihilism,/nɪˈhiːlɪsm/,nih-hee-lism
existentialism,/ɛkˌsɪstɛnˈɧɑːlɪsm/,ek-sis-ten-shaal-ism
fenomenologi,/fɛnʊmeˈnoːluːji/,feh-noo-meh-noh-loo-yee
hermeneutik,/hɛrmɛˈnøːtɪk/,her-meh-nuh-tik
strukturalism,/strykˈtuːrɑlɪsm/,stryk-too-rah-lism
poststrukturalism,/pɔststrykˈtuːrɑlɪsm/,post-stryk-too-rah-lism
dek